registry,num,table_no,row_no,title,folder,original_url,target_dir
Реестр_документов_Этап_11_Линейные_объекты_и_благоустройство_v1.4_исчерпывающий.docx,344,22,28,ГОСТ 34614.10-2019 «Оборудование и покрытия игровых площадок. Часть 10. Дополнительные требования безопасности и методы испытаний для полностью закрытого игрового оборудования»,03_НОРМАТИВНО_ТЕХНИЧЕСКИЕ_ДОКУМЕНТЫ\17_ДЕТСКИЕ_И_СПОРТИВНЫЕ_ПЛОЩАДКИ,https://protect.gost.ru/default.aspx/document1.aspx?baseC=6&control=31&id=236780&month=1&page=0&search=&year=2020,1Рабочие материалы\03_НОРМАТИВНО_ТЕХНИЧЕСКИЕ_ДОКУМЕНТЫ\17_ДЕТСКИЕ_И_СПОРТИВНЫЕ_ПЛОЩАДКИ
Реестр_документов_Этап_2_Общая_нормативная_основа_строительства_v1.3.docx,20,5,10,"О внесении изменений в Порядок разработки, утверждения, изменения и отмены сводов правил
Приказ Минстроя России от 29.05.2024 № 356/пр",05_БАЗА_ЗНАНИЙ\01_ЗАКОНОДАТЕЛЬСТВО\04_ПРИКАЗЫ_МИНСТРОЯ\Стандартизация\Своды_правил\Изменения,https://minstroyrf.gov.ru/docs/,1Рабочие материалы\05_БАЗА_ЗНАНИЙ\01_ЗАКОНОДАТЕЛЬСТВО\04_ПРИКАЗЫ_МИНСТРОЯ\Стандартизация\Своды_правил\Изменения
Реестр_документов_Этап_2_Общая_нормативная_основа_строительства_v1.3.docx,102,14,5,"ГОСТ 24846-2019 Грунты. Методы измерения деформаций оснований зданий и сооружений
Межгосударственный стандарт",05_БАЗА_ЗНАНИЙ\03_НОРМАТИВНО_ТЕХНИЧЕСКИЕ_ДОКУМЕНТЫ\02_ГОСТ\Геодезия,https://protect.gost.ru/search?search=%D0%93%D0%9E%D0%A1%D0%A2%2024846-2019,1Рабочие материалы\05_БАЗА_ЗНАНИЙ\03_НОРМАТИВНО_ТЕХНИЧЕСКИЕ_ДОКУМЕНТЫ\02_ГОСТ\Геодезия
Реестр_документов_Этап_2_Общая_нормативная_основа_строительства_v1.3.docx,107,16,3,"ГОСТ 31937-2011 Здания и сооружения. Правила обследования и мониторинга технического состояния
Межгосударственный стандарт",05_БАЗА_ЗНАНИЙ\03_НОРМАТИВНО_ТЕХНИЧЕСКИЕ_ДОКУМЕНТЫ\11_ОТМЕНЕННЫЕ_И_ЗАМЕНЕННЫЕ_ДОКУМЕНТЫ\Обследование,https://protect.gost.ru/search?search=%D0%93%D0%9E%D0%A1%D0%A2%2031937-2011,1Рабочие материалы\05_БАЗА_ЗНАНИЙ\03_НОРМАТИВНО_ТЕХНИЧЕСКИЕ_ДОКУМЕНТЫ\11_ОТМЕНЕННЫЕ_И_ЗАМЕНЕННЫЕ_ДОКУМЕНТЫ\Обследование
Реестр_документов_Этап_2_Общая_нормативная_основа_строительства_v1.3.docx,125,18,2,"СНиП 12-01-2004 Организация строительства
Постановление Госстроя России от 19.04.2004 № 70",05_БАЗА_ЗНАНИЙ\03_НОРМАТИВНО_ТЕХНИЧЕСКИЕ_ДОКУМЕНТЫ\04_СНИП_ИСТОРИЧЕСКИЕ\Организация_строительства,https://protect.gost.ru/search?search=%D0%A1%D0%9D%D0%B8%D0%9F%2012-01-2004,1Рабочие материалы\05_БАЗА_ЗНАНИЙ\03_НОРМАТИВНО_ТЕХНИЧЕСКИЕ_ДОКУМЕНТЫ\04_СНИП_ИСТОРИЧЕСКИЕ\Организация_строительства
Реестр_документов_Этап_2_Общая_нормативная_основа_строительства_v1.3.docx,126,18,3,"СП 48.13330.2011 Организация строительства
Приказ Минрегиона России от 27.12.2010 № 781",05_БАЗА_ЗНАНИЙ\03_НОРМАТИВНО_ТЕХНИЧЕСКИЕ_ДОКУМЕНТЫ\11_ОТМЕНЕННЫЕ_И_ЗАМЕНЕННЫЕ_ДОКУМЕНТЫ\Организация_строительства,https://protect.gost.ru/search?search=%D0%A1%D0%9F%2048.13330.2011,1Рабочие материалы\05_БАЗА_ЗНАНИЙ\03_НОРМАТИВНО_ТЕХНИЧЕСКИЕ_ДОКУМЕНТЫ\11_ОТМЕНЕННЫЕ_И_ЗАМЕНЕННЫЕ_ДОКУМЕНТЫ\Организация_строительства
Реестр_документов_Этап_2_Общая_нормативная_основа_строительства_v1.3.docx,127,18,4,"ГОСТ Р 21.1101-2013 Основные требования к проектной и рабочей документации
Приказ Росстандарта от 11.06.2013 № 156-ст",05_БАЗА_ЗНАНИЙ\03_НОРМАТИВНО_ТЕХНИЧЕСКИЕ_ДОКУМЕНТЫ\11_ОТМЕНЕННЫЕ_И_ЗАМЕНЕННЫЕ_ДОКУМЕНТЫ\Проектная_документация,https://protect.gost.ru/search?search=%D0%93%D0%9E%D0%A1%D0%A2%20%D0%A0%2021.1101-2013,1Рабочие материалы\05_БАЗА_ЗНАНИЙ\03_НОРМАТИВНО_ТЕХНИЧЕСКИЕ_ДОКУМЕНТЫ\11_ОТМЕНЕННЫЕ_И_ЗАМЕНЕННЫЕ_ДОКУМЕНТЫ\Проектная_документация
Реестр_документов_Этап_2_Общая_нормативная_основа_строительства_v1.3.docx,128,18,5,"ГОСТ Р 51872-2002 Документация исполнительная геодезическая. Правила выполнения
Национальный стандарт",05_БАЗА_ЗНАНИЙ\03_НОРМАТИВНО_ТЕХНИЧЕСКИЕ_ДОКУМЕНТЫ\11_ОТМЕНЕННЫЕ_И_ЗАМЕНЕННЫЕ_ДОКУМЕНТЫ\Геодезия,https://protect.gost.ru/search?search=%D0%93%D0%9E%D0%A1%D0%A2%20%D0%A0%2051872-2002,1Рабочие материалы\05_БАЗА_ЗНАНИЙ\03_НОРМАТИВНО_ТЕХНИЧЕСКИЕ_ДОКУМЕНТЫ\11_ОТМЕНЕННЫЕ_И_ЗАМЕНЕННЫЕ_ДОКУМЕНТЫ\Геодезия
Реестр_документов_Этап_2_Общая_нормативная_основа_строительства_v1.3.docx,140,18,17,"Порядок разработки, утверждения, изменения и отмены сводов правил
Приказ Минстроя России от 02.08.2016 № 536/пр",05_БАЗА_ЗНАНИЙ\01_ЗАКОНОДАТЕЛЬСТВО\99_ОТМЕНЕННЫЕ_И_ЗАМЕНЕННЫЕ\Минстрой\Стандартизация,https://minstroyrf.gov.ru/docs/,1Рабочие материалы\05_БАЗА_ЗНАНИЙ\01_ЗАКОНОДАТЕЛЬСТВО\99_ОТМЕНЕННЫЕ_И_ЗАМЕНЕННЫЕ\Минстрой\Стандартизация
Реестр_документов_Этап_2_Общая_нормативная_основа_строительства_v1.3.docx,141,18,18,"Добровольный перечень к Федеральному закону № 384-ФЗ
Приказ Росстандарта от 30.03.2015 № 365",05_БАЗА_ЗНАНИЙ\02_ОБЯЗАТЕЛЬНЫЕ_ТЕХНИЧЕСКИЕ_ТРЕБОВАНИЯ\03_ПЕРЕЧНИ_СТАНДАРТОВ_И_СВОДОВ_ПРАВИЛ\Исторические,https://www.rst.gov.ru/portal/gost/home/standarts/technicalregulationses,1Рабочие материалы\05_БАЗА_ЗНАНИЙ\02_ОБЯЗАТЕЛЬНЫЕ_ТЕХНИЧЕСКИЕ_ТРЕБОВАНИЯ\03_ПЕРЕЧНИ_СТАНДАРТОВ_И_СВОДОВ_ПРАВИЛ\Исторические
Реестр_документов_Этап_2_Общая_нормативная_основа_строительства_v1.3.docx,142,18,19,"О внесении изменений в добровольный перечень к Федеральному закону № 384-ФЗ
Приказ Росстандарта от 17.04.2019 № 831",05_БАЗА_ЗНАНИЙ\02_ОБЯЗАТЕЛЬНЫЕ_ТЕХНИЧЕСКИЕ_ТРЕБОВАНИЯ\03_ПЕРЕЧНИ_СТАНДАРТОВ_И_СВОДОВ_ПРАВИЛ\Исторические\Изменения,https://www.rst.gov.ru/portal/gost/home/standarts/technicalregulationses,1Рабочие материалы\05_БАЗА_ЗНАНИЙ\02_ОБЯЗАТЕЛЬНЫЕ_ТЕХНИЧЕСКИЕ_ТРЕБОВАНИЯ\03_ПЕРЕЧНИ_СТАНДАРТОВ_И_СВОДОВ_ПРАВИЛ\Исторические\Изменения
Реестр_документов_Этап_2_Общая_нормативная_основа_строительства_v1.3.docx,144,18,21,"Об утверждении требований к формату электронных документов, представляемых для проведения государственной экспертизы проектной документации и результатов инженерных изысканий
Приказ Минстроя России от 12.05.2017 № 783/пр",05_БАЗА_ЗНАНИЙ\01_ЗАКОНОДАТЕЛЬСТВО\99_ОТМЕНЕННЫЕ_И_ЗАМЕНЕННЫЕ\Минстрой\Проектная_документация\Электронный_формат,https://minstroyrf.gov.ru/docs/,1Рабочие материалы\05_БАЗА_ЗНАНИЙ\01_ЗАКОНОДАТЕЛЬСТВО\99_ОТМЕНЕННЫЕ_И_ЗАМЕНЕННЫЕ\Минстрой\Проектная_документация\Электронный_формат
Реестр_документов_Этап_2_Общая_нормативная_основа_строительства_v1.3.docx,160,18,37,"Об утверждении перечня индикаторов риска нарушения обязательных требований по федеральному государственному строительному надзору
Приказ Минстроя России от 21.12.2021 № 979/пр",05_БАЗА_ЗНАНИЙ\01_ЗАКОНОДАТЕЛЬСТВО\99_ОТМЕНЕННЫЕ_И_ЗАМЕНЕННЫЕ\Минстрой\Государственный_строительный_надзор\Индикаторы_риска,https://minstroyrf.gov.ru/docs/,1Рабочие материалы\05_БАЗА_ЗНАНИЙ\01_ЗАКОНОДАТЕЛЬСТВО\99_ОТМЕНЕННЫЕ_И_ЗАМЕНЕННЫЕ\Минстрой\Государственный_строительный_надзор\Индикаторы_риска
Реестр_документов_Этап_2_Общая_нормативная_основа_строительства_v1.3.docx,169,19,4,"Официальный сайт Минстроя России — документы
Раздел документов Минстроя России",05_БАЗА_ЗНАНИЙ\00_КЛАССИФИКАТОРЫ_И_ПРАВИЛА\15_Правила_актуализации\Контрольные_источники\Минстрой,https://minstroyrf.gov.ru/docs/,1Рабочие материалы\05_БАЗА_ЗНАНИЙ\00_КЛАССИФИКАТОРЫ_И_ПРАВИЛА\15_Правила_актуализации\Контрольные_источники\Минстрой
Реестр_документов_Этап_2_Общая_нормативная_основа_строительства_v1.3.docx,171,19,6,"Официальный сайт Росстандарта
rst.gov.ru",05_БАЗА_ЗНАНИЙ\00_КЛАССИФИКАТОРЫ_И_ПРАВИЛА\15_Правила_актуализации\Контрольные_источники\Росстандарт,https://www.rst.gov.ru/,1Рабочие материалы\05_БАЗА_ЗНАНИЙ\00_КЛАССИФИКАТОРЫ_И_ПРАВИЛА\15_Правила_актуализации\Контрольные_источники\Росстандарт
Реестр_документов_Этап_2_Общая_нормативная_основа_строительства_v1.3.docx,173,19,8,"Федеральный реестр нормативных документов Минстроя
Официальная выгрузка/реестр Минстроя",05_БАЗА_ЗНАНИЙ\00_КЛАССИФИКАТОРЫ_И_ПРАВИЛА\15_Правила_актуализации\Контрольные_источники\Минстрой,https://www.minstroyrf.gov.ru/trades/gradostroitelnaya-deyatelnost-i-arhitektura/reestr-dokumentov/,1Рабочие материалы\05_БАЗА_ЗНАНИЙ\00_КЛАССИФИКАТОРЫ_И_ПРАВИЛА\15_Правила_актуализации\Контрольные_источники\Минстрой
Реестр_документов_Этап_2_Общая_нормативная_основа_строительства_v1.3.docx,174,19,9,"Официальный реестр требований в области инженерных изысканий, проектирования, строительства, эксплуатации и сноса",05_БАЗА_ЗНАНИЙ\02_ОБЯЗАТЕЛЬНЫЕ_ТЕХНИЧЕСКИЕ_ТРЕБОВАНИЯ\04_РЕЕСТР_ТРЕБОВАНИЙ_МИНСТРОЯ,https://www.minstroyrf.gov.ru/trades/gradostroitelnaya-deyatelnost-i-arhitektura/reestr-dokumentov/,1Рабочие материалы\05_БАЗА_ЗНАНИЙ\02_ОБЯЗАТЕЛЬНЫЕ_ТЕХНИЧЕСКИЕ_ТРЕБОВАНИЯ\04_РЕЕСТР_ТРЕБОВАНИЙ_МИНСТРОЯ
Реестр_документов_Этап_2_Общая_нормативная_основа_строительства_v1.3.docx,176,19,11,Официальный раздел Росстандарта по техническим регламентам и перечням стандартов,05_БАЗА_ЗНАНИЙ\00_КЛАССИФИКАТОРЫ_И_ПРАВИЛА\15_Правила_актуализации\Контрольные_источники\Росстандарт\Перечни,https://www.rst.gov.ru/portal/gost/home/standarts/technicalregulationses,1Рабочие материалы\05_БАЗА_ЗНАНИЙ\00_КЛАССИФИКАТОРЫ_И_ПРАВИЛА\15_Правила_актуализации\Контрольные_источники\Росстандарт\Перечни
Реестр_документов_Этап_2_Общая_нормативная_основа_строительства_v1.3.docx,179,19,14,Официальные XML-схемы документов и информационной модели Минстроя России,05_БАЗА_ЗНАНИЙ\00_КЛАССИФИКАТОРЫ_И_ПРАВИЛА\15_Правила_актуализации\Контрольные_источники\Минстрой\XML_схемы,https://minstroyrf.gov.ru/,1Рабочие материалы\05_БАЗА_ЗНАНИЙ\00_КЛАССИФИКАТОРЫ_И_ПРАВИЛА\15_Правила_актуализации\Контрольные_источники\Минстрой\XML_схемы
Реестр_документов_Этап_3_Обследование_зданий_и_методы_измерений_v1.3.docx,14,5,3,СП 13-102-2003 «Правила обследования несущих строительных конструкций зданий и сооружений»,03_НОРМАТИВНО_ТЕХНИЧЕСКИЕ_ДОКУМЕНТЫ\99_ОТМЕНЕННЫЕ_И_ЗАМЕНЕННЫЕ\Обследование,https://protect.gost.ru/search.aspx?search=%D0%A1%D0%9F%2013-102-2003,1Рабочие материалы\03_НОРМАТИВНО_ТЕХНИЧЕСКИЕ_ДОКУМЕНТЫ\99_ОТМЕНЕННЫЕ_И_ЗАМЕНЕННЫЕ\Обследование
Реестр_документов_Этап_3_Обследование_зданий_и_методы_измерений_v1.3.docx,32,7,13,ГОСТ 3749-77 «Угольники поверочные 90°. Технические условия»,10_МЕТОДЫ_ИЗМЕРЕНИЙ_И_ПРИБОРЫ\01_ГЕОМЕТРИЧЕСКИЕ_ИЗМЕРЕНИЯ\Шаблоны_и_угольники,https://protect.gost.ru/search.aspx?search=%D0%93%D0%9E%D0%A1%D0%A2%203749-77,1Рабочие материалы\10_МЕТОДЫ_ИЗМЕРЕНИЙ_И_ПРИБОРЫ\01_ГЕОМЕТРИЧЕСКИЕ_ИЗМЕРЕНИЯ\Шаблоны_и_угольники
Реестр_документов_Этап_3_Обследование_зданий_и_методы_измерений_v1.3.docx,135,14,3,"ГОСТ 25380-2014 «Здания и сооружения. Метод измерения плотности тепловых потоков, проходящих через ограждающие конструкции»",03_НОРМАТИВНО_ТЕХНИЧЕСКИЕ_ДОКУМЕНТЫ\04_НЕРАЗРУШАЮЩИЙ_КОНТРОЛЬ\Влажность_и_температура,https://protect.gost.ru/search.aspx?search=%D0%93%D0%9E%D0%A1%D0%A2%2025380-2014,1Рабочие материалы\03_НОРМАТИВНО_ТЕХНИЧЕСКИЕ_ДОКУМЕНТЫ\04_НЕРАЗРУШАЮЩИЙ_КОНТРОЛЬ\Влажность_и_температура
Реестр_документов_Этап_3_Обследование_зданий_и_методы_измерений_v1.3.docx,136,14,4,ГОСТ 26254-84 «Здания и сооружения. Методы определения сопротивления теплопередаче ограждающих конструкций»,03_НОРМАТИВНО_ТЕХНИЧЕСКИЕ_ДОКУМЕНТЫ\04_НЕРАЗРУШАЮЩИЙ_КОНТРОЛЬ\Влажность_и_температура,https://protect.gost.ru/search.aspx?search=%D0%93%D0%9E%D0%A1%D0%A2%2026254-84,1Рабочие материалы\03_НОРМАТИВНО_ТЕХНИЧЕСКИЕ_ДОКУМЕНТЫ\04_НЕРАЗРУШАЮЩИЙ_КОНТРОЛЬ\Влажность_и_температура
Реестр_документов_Этап_3_Обследование_зданий_и_методы_измерений_v1.3.docx,137,14,5,ГОСТ 30494-2011 «Здания жилые и общественные. Параметры микроклимата в помещениях»,03_НОРМАТИВНО_ТЕХНИЧЕСКИЕ_ДОКУМЕНТЫ\04_НЕРАЗРУШАЮЩИЙ_КОНТРОЛЬ\Влажность_и_температура,https://protect.gost.ru/search.aspx?search=%D0%93%D0%9E%D0%A1%D0%A2%2030494-2011,1Рабочие материалы\03_НОРМАТИВНО_ТЕХНИЧЕСКИЕ_ДОКУМЕНТЫ\04_НЕРАЗРУШАЮЩИЙ_КОНТРОЛЬ\Влажность_и_температура
Реестр_документов_Этап_3_Обследование_зданий_и_методы_измерений_v1.3.docx,139,14,7,ГОСТ Р 8.585-2001 «ГСИ. Термопары. Номинальные статические характеристики преобразования»,03_НОРМАТИВНО_ТЕХНИЧЕСКИЕ_ДОКУМЕНТЫ\04_НЕРАЗРУШАЮЩИЙ_КОНТРОЛЬ\Влажность_и_температура,https://protect.gost.ru/search.aspx?search=%D0%93%D0%9E%D0%A1%D0%A2%20%D0%A0%208.585-2001,1Рабочие материалы\03_НОРМАТИВНО_ТЕХНИЧЕСКИЕ_ДОКУМЕНТЫ\04_НЕРАЗРУШАЮЩИЙ_КОНТРОЛЬ\Влажность_и_температура
Реестр_документов_Этап_3_Обследование_зданий_и_методы_измерений_v1.3.docx,171,17,8,Реестр аккредитованных лиц Росаккредитации,03_НОРМАТИВНО_ТЕХНИЧЕСКИЕ_ДОКУМЕНТЫ\06_МЕТРОЛОГИЯ\Контрольные_реестры\Росаккредитация,https://pub.fsa.gov.ru/ral,1Рабочие материалы\03_НОРМАТИВНО_ТЕХНИЧЕСКИЕ_ДОКУМЕНТЫ\06_МЕТРОЛОГИЯ\Контрольные_реестры\Росаккредитация
Реестр_документов_Этап_3_Обследование_зданий_и_методы_измерений_v1.3.docx,176,18,6,ФГИС «Аршин»: реестр утверждённых типов средств измерений и результаты поверки,10_МЕТОДЫ_ИЗМЕРЕНИЙ_И_ПРИБОРЫ\18_СВИДЕТЕЛЬСТВА_ОБ_УТВЕРЖДЕНИИ_ТИПА,https://fgis.gost.ru/fundmetrology/registry,1Рабочие материалы\10_МЕТОДЫ_ИЗМЕРЕНИЙ_И_ПРИБОРЫ\18_СВИДЕТЕЛЬСТВА_ОБ_УТВЕРЖДЕНИИ_ТИПА
Реестр_документов_Этап_3_Обследование_зданий_и_методы_измерений_v1.3.docx,193,19,8,РМГ 29-2013 «ГСИ. Метрология. Основные термины и определения»,03_НОРМАТИВНО_ТЕХНИЧЕСКИЕ_ДОКУМЕНТЫ\06_МЕТРОЛОГИЯ\Терминология,https://protect.gost.ru/search.aspx?search=%D0%A0%D0%9C%D0%93%2029-2013,1Рабочие материалы\03_НОРМАТИВНО_ТЕХНИЧЕСКИЕ_ДОКУМЕНТЫ\06_МЕТРОЛОГИЯ\Терминология
Реестр_документов_Этап_3_Обследование_зданий_и_методы_измерений_v1.3.docx,209,22,2,Мастер-комплект документации конкретного средства измерений,10_МЕТОДЫ_ИЗМЕРЕНИЙ_И_ПРИБОРЫ\17_ПАСПОРТА_ПРИБОРОВ\По_моделям,https://fgis.gost.ru/fundmetrology/registry,1Рабочие материалы\10_МЕТОДЫ_ИЗМЕРЕНИЙ_И_ПРИБОРЫ\17_ПАСПОРТА_ПРИБОРОВ\По_моделям
Реестр_документов_Этап_3_Обследование_зданий_и_методы_измерений_v1.3.docx,261,24,5,Росстандарт,00_КЛАССИФИКАТОРЫ_И_ПРАВИЛА\15_Правила_актуализации\Контрольные_источники,https://www.rst.gov.ru/,1Рабочие материалы\00_КЛАССИФИКАТОРЫ_И_ПРАВИЛА\15_Правила_актуализации\Контрольные_источники
Реестр_документов_Этап_3_Обследование_зданий_и_методы_измерений_v1.3.docx,262,24,6,ФГИС «Аршин» — Федеральный информационный фонд по обеспечению единства измерений,00_КЛАССИФИКАТОРЫ_И_ПРАВИЛА\15_Правила_актуализации\Контрольные_источники,https://fgis.gost.ru/fundmetrology/,1Рабочие материалы\00_КЛАССИФИКАТОРЫ_И_ПРАВИЛА\15_Правила_актуализации\Контрольные_источники
Реестр_документов_Этап_3_Обследование_зданий_и_методы_измерений_v1.3.docx,263,24,7,Росаккредитация — реестр аккредитованных лиц,00_КЛАССИФИКАТОРЫ_И_ПРАВИЛА\15_Правила_актуализации\Контрольные_источники,https://pub.fsa.gov.ru/ral,1Рабочие материалы\00_КЛАССИФИКАТОРЫ_И_ПРАВИЛА\15_Правила_актуализации\Контрольные_источники
Реестр_документов_Этап_3_Обследование_зданий_и_методы_измерений_v1.3.docx,264,24,8,Минстрой России,00_КЛАССИФИКАТОРЫ_И_ПРАВИЛА\15_Правила_актуализации\Контрольные_источники,https://minstroyrf.gov.ru/,1Рабочие материалы\00_КЛАССИФИКАТОРЫ_И_ПРАВИЛА\15_Правила_актуализации\Контрольные_источники
Реестр_документов_Этап_4_Основания_грунты_и_фундаменты_v1.3 (1).docx,59,6,9,ГОСТ 20276.5-2020 «Грунты. Метод вращательного среза»,04_МЕТОДИКИ_И_РУКОВОДСТВА\05_ПОЛЕВЫЕ_ИСПЫТАНИЯ\СЕРИЯ_ГОСТ_20276,https://protect.gost.ru/gost/details/3075b57b-444a-4f36-9686-8b36b8886fdd7,1Рабочие материалы\04_МЕТОДИКИ_И_РУКОВОДСТВА\05_ПОЛЕВЫЕ_ИСПЫТАНИЯ\СЕРИЯ_ГОСТ_20276
Реестр_документов_Этап_4_Основания_грунты_и_фундаменты_v1.3 (1).docx,255,18,7,ФГИС «Аршин» — сведения об утверждённых типах и поверке средств измерений,03_НОРМАТИВНО_ТЕХНИЧЕСКИЕ_ДОКУМЕНТЫ\12_ГЕОТЕХНИЧЕСКИЙ_МОНИТОРИНГ\МЕТРОЛОГИЯ,https://fgis.gost.ru/fundmetrology/cm/results,1Рабочие материалы\03_НОРМАТИВНО_ТЕХНИЧЕСКИЕ_ДОКУМЕНТЫ\12_ГЕОТЕХНИЧЕСКИЙ_МОНИТОРИНГ\МЕТРОЛОГИЯ
Реестр_документов_Этап_4_Основания_грунты_и_фундаменты_v1.3 (1).docx,346,24,4,Официальный сайт Минстроя России,00_УПРАВЛЕНИЕ_ПРОЕКТОМ\ИСТОЧНИКИ_И_АКТУАЛИЗАЦИЯ,https://minstroyrf.gov.ru/,1Рабочие материалы\00_УПРАВЛЕНИЕ_ПРОЕКТОМ\ИСТОЧНИКИ_И_АКТУАЛИЗАЦИЯ
Реестр_документов_Этап_4_Основания_грунты_и_фундаменты_v1.3 (1).docx,347,24,5,ФГИС «Аршин»,00_УПРАВЛЕНИЕ_ПРОЕКТОМ\ИСТОЧНИКИ_И_АКТУАЛИЗАЦИЯ,https://fgis.gost.ru/fundmetrology/cm/results,1Рабочие материалы\00_УПРАВЛЕНИЕ_ПРОЕКТОМ\ИСТОЧНИКИ_И_АКТУАЛИЗАЦИЯ
Реестр_документов_Этап_4_Основания_грунты_и_фундаменты_v1.3 (1).docx,348,24,6,ФГИС Росаккредитации,00_УПРАВЛЕНИЕ_ПРОЕКТОМ\ИСТОЧНИКИ_И_АКТУАЛИЗАЦИЯ,https://pub.fsa.gov.ru/,1Рабочие материалы\00_УПРАВЛЕНИЕ_ПРОЕКТОМ\ИСТОЧНИКИ_И_АКТУАЛИЗАЦИЯ
Реестр_документов_Этап_4_Основания_грунты_и_фундаменты_v1.3 (1).docx,349,24,7,Федеральная государственная информационная система «Единый фонд геологической информации о недрах» / Росгеолфонд,00_УПРАВЛЕНИЕ_ПРОЕКТОМ\ИСТОЧНИКИ_И_АКТУАЛИЗАЦИЯ,https://rfgf.ru/,1Рабочие материалы\00_УПРАВЛЕНИЕ_ПРОЕКТОМ\ИСТОЧНИКИ_И_АКТУАЛИЗАЦИЯ
Реестр_документов_Этап_5_Несущие_строительные_конструкции_v1.4 (1).docx,396,33,5,Минстрой России — реестр требований и официальные документы,04_РЕЕСТРЫ\03_РЕЕСТР_ИСТОЧНИКОВ\КОНТРОЛЬНЫЕ_ИСТОЧНИКИ,https://minstroyrf.gov.ru/,1Рабочие материалы\04_РЕЕСТРЫ\03_РЕЕСТР_ИСТОЧНИКОВ\КОНТРОЛЬНЫЕ_ИСТОЧНИКИ
Реестр_документов_Этап_5_Несущие_строительные_конструкции_v1.4 (1).docx,397,33,6,ФГИС «Аршин» — сведения о средствах измерений и поверке,04_РЕЕСТРЫ\03_РЕЕСТР_ИСТОЧНИКОВ\КОНТРОЛЬНЫЕ_ИСТОЧНИКИ,https://fgis.gost.ru/fundmetrology/cm/results,1Рабочие материалы\04_РЕЕСТРЫ\03_РЕЕСТР_ИСТОЧНИКОВ\КОНТРОЛЬНЫЕ_ИСТОЧНИКИ
Реестр_документов_Этап_5_Несущие_строительные_конструкции_v1.4 (1).docx,398,33,7,ФГИС Росаккредитации — реестр аккредитованных лиц,04_РЕЕСТРЫ\03_РЕЕСТР_ИСТОЧНИКОВ\КОНТРОЛЬНЫЕ_ИСТОЧНИКИ,https://pub.fsa.gov.ru/ral,1Рабочие материалы\04_РЕЕСТРЫ\03_РЕЕСТР_ИСТОЧНИКОВ\КОНТРОЛЬНЫЕ_ИСТОЧНИКИ
Реестр_документов_Этап_6_Ограждающие_конструкции_v1.5.docx,29,4,4,СП 31-105-2002 «Проектирование и строительство энергоэффективных одноквартирных жилых домов с деревянным каркасом»,03_НОРМАТИВНО_ТЕХНИЧЕСКИЕ_ДОКУМЕНТЫ\01_НАРУЖНЫЕ_СТЕНЫ,https://docs.cntd.ru/document/1200029268,1Рабочие материалы\03_НОРМАТИВНО_ТЕХНИЧЕСКИЕ_ДОКУМЕНТЫ\01_НАРУЖНЫЕ_СТЕНЫ
Реестр_документов_Этап_6_Ограждающие_конструкции_v1.5.docx,74,6,6,ГОСТ Р 70008-2022 «Панели металлокомпозитные и изделия из них. Общие технические условия»,03_НОРМАТИВНО_ТЕХНИЧЕСКИЕ_ДОКУМЕНТЫ\02_ФАСАДЫ\Навесные_вентилируемые,https://docs.cntd.ru/document/1200183256,1Рабочие материалы\03_НОРМАТИВНО_ТЕХНИЧЕСКИЕ_ДОКУМЕНТЫ\02_ФАСАДЫ\Навесные_вентилируемые
Реестр_документов_Этап_6_Ограждающие_конструкции_v1.5.docx,97,7,7,ГОСТ 33739-2016 «Системы фасадные теплоизоляционные композиционные с наружными штукатурными слоями. Классификация»,03_НОРМАТИВНО_ТЕХНИЧЕСКИЕ_ДОКУМЕНТЫ\02_ФАСАДЫ\Контактные_теплоизоляционные,https://docs.cntd.ru/document/1200134034,1Рабочие материалы\03_НОРМАТИВНО_ТЕХНИЧЕСКИЕ_ДОКУМЕНТЫ\02_ФАСАДЫ\Контактные_теплоизоляционные
Реестр_документов_Этап_6_Ограждающие_конструкции_v1.5.docx,205,12,14,ГОСТ 538-2014 «Изделия замочные и скобяные. Общие технические условия»,03_НОРМАТИВНО_ТЕХНИЧЕСКИЕ_ДОКУМЕНТЫ\04_ОКНА_И_ДВЕРИ\Оконные_блоки,https://docs.cntd.ru/document/1200114238,1Рабочие материалы\03_НОРМАТИВНО_ТЕХНИЧЕСКИЕ_ДОКУМЕНТЫ\04_ОКНА_И_ДВЕРИ\Оконные_блоки
Реестр_документов_Этап_6_Ограждающие_конструкции_v1.5.docx,227,13,10,ГОСТ 538-2014 «Изделия замочные и скобяные. Общие технические условия»,03_НОРМАТИВНО_ТЕХНИЧЕСКИЕ_ДОКУМЕНТЫ\04_ОКНА_И_ДВЕРИ\Дверные_блоки,https://docs.cntd.ru/document/1200114238,1Рабочие материалы\03_НОРМАТИВНО_ТЕХНИЧЕСКИЕ_ДОКУМЕНТЫ\04_ОКНА_И_ДВЕРИ\Дверные_блоки
Реестр_документов_Этап_6_Ограждающие_конструкции_v1.5.docx,267,16,3,СП 521.1325800.2023 «Конструкции из многослойного стекла. Правила проектирования»,03_НОРМАТИВНО_ТЕХНИЧЕСКИЕ_ДОКУМЕНТЫ\05_ВИТРАЖИ_И_СВЕТОПРОЗРАЧНЫЕ_ФАСАДЫ,https://docs.cntd.ru/document/1301658586,1Рабочие материалы\03_НОРМАТИВНО_ТЕХНИЧЕСКИЕ_ДОКУМЕНТЫ\05_ВИТРАЖИ_И_СВЕТОПРОЗРАЧНЫЕ_ФАСАДЫ
Реестр_документов_Этап_6_Ограждающие_конструкции_v1.5.docx,455,28,16,СП 17.13330.2017 «Кровли»,03_НОРМАТИВНО_ТЕХНИЧЕСКИЕ_ДОКУМЕНТЫ\07_ШВЫ_И_ПРИМЫКАНИЯ,https://docs.cntd.ru/document/456081632,1Рабочие материалы\03_НОРМАТИВНО_ТЕХНИЧЕСКИЕ_ДОКУМЕНТЫ\07_ШВЫ_И_ПРИМЫКАНИЯ
Реестр_документов_Этап_6_Ограждающие_конструкции_v1.5.docx,469,29,10,СНиП 23-01-99* «Строительная климатология»,03_НОРМАТИВНО_ТЕХНИЧЕСКИЕ_ДОКУМЕНТЫ\99_ОТМЕНЕННЫЕ_И_ЗАМЕНЕННЫЕ,https://docs.cntd.ru/document/1200004395,1Рабочие материалы\03_НОРМАТИВНО_ТЕХНИЧЕСКИЕ_ДОКУМЕНТЫ\99_ОТМЕНЕННЫЕ_И_ЗАМЕНЕННЫЕ
Реестр_документов_Этап_6_Ограждающие_конструкции_v1.5.docx,479,29,20,ГОСТ 23166-2021 «Блоки оконные и балконные. Общие технические условия»,03_НОРМАТИВНО_ТЕХНИЧЕСКИЕ_ДОКУМЕНТЫ\99_ОТМЕНЕННЫЕ_И_ЗАМЕНЕННЫЕ,https://docs.cntd.ru/document/1200179605,1Рабочие материалы\03_НОРМАТИВНО_ТЕХНИЧЕСКИЕ_ДОКУМЕНТЫ\99_ОТМЕНЕННЫЕ_И_ЗАМЕНЕННЫЕ
Реестр_документов_Этап_6_Ограждающие_конструкции_v1.5.docx,480,29,21,ГОСТ 23166-99 «Блоки оконные. Общие технические условия»,03_НОРМАТИВНО_ТЕХНИЧЕСКИЕ_ДОКУМЕНТЫ\99_ОТМЕНЕННЫЕ_И_ЗАМЕНЕННЫЕ,https://docs.cntd.ru/document/1200006801,1Рабочие материалы\03_НОРМАТИВНО_ТЕХНИЧЕСКИЕ_ДОКУМЕНТЫ\99_ОТМЕНЕННЫЕ_И_ЗАМЕНЕННЫЕ
Реестр_документов_Этап_6_Ограждающие_конструкции_v1.5.docx,481,29,22,ГОСТ 30674-99 «Блоки оконные из поливинилхлоридных профилей. Технические условия»,03_НОРМАТИВНО_ТЕХНИЧЕСКИЕ_ДОКУМЕНТЫ\99_ОТМЕНЕННЫЕ_И_ЗАМЕНЕННЫЕ,https://docs.cntd.ru/document/1200006565,1Рабочие материалы\03_НОРМАТИВНО_ТЕХНИЧЕСКИЕ_ДОКУМЕНТЫ\99_ОТМЕНЕННЫЕ_И_ЗАМЕНЕННЫЕ
Реестр_документов_Этап_6_Ограждающие_конструкции_v1.5.docx,482,29,23,ГОСТ 21519-2003 «Блоки оконные из алюминиевых сплавов. Технические условия»,03_НОРМАТИВНО_ТЕХНИЧЕСКИЕ_ДОКУМЕНТЫ\99_ОТМЕНЕННЫЕ_И_ЗАМЕНЕННЫЕ,https://docs.cntd.ru/document/1200031989,1Рабочие материалы\03_НОРМАТИВНО_ТЕХНИЧЕСКИЕ_ДОКУМЕНТЫ\99_ОТМЕНЕННЫЕ_И_ЗАМЕНЕННЫЕ
Реестр_документов_Этап_6_Ограждающие_конструкции_v1.5.docx,483,29,24,ГОСТ 11024-84 «Панели стеновые наружные бетонные и железобетонные для жилых и общественных зданий. Общие технические условия»,03_НОРМАТИВНО_ТЕХНИЧЕСКИЕ_ДОКУМЕНТЫ\99_ОТМЕНЕННЫЕ_И_ЗАМЕНЕННЫЕ,https://docs.cntd.ru/document/901705142,1Рабочие материалы\03_НОРМАТИВНО_ТЕХНИЧЕСКИЕ_ДОКУМЕНТЫ\99_ОТМЕНЕННЫЕ_И_ЗАМЕНЕННЫЕ
Реестр_документов_Этап_6_Ограждающие_конструкции_v1.5.docx,484,29,25,ГОСТ 23166-78 «Окна и балконные двери деревянные. Общие технические условия»,03_НОРМАТИВНО_ТЕХНИЧЕСКИЕ_ДОКУМЕНТЫ\99_ОТМЕНЕННЫЕ_И_ЗАМЕНЕННЫЕ,https://docs.cntd.ru/document/9055777,1Рабочие материалы\03_НОРМАТИВНО_ТЕХНИЧЕСКИЕ_ДОКУМЕНТЫ\99_ОТМЕНЕННЫЕ_И_ЗАМЕНЕННЫЕ
Реестр_документов_Этап_6_Ограждающие_конструкции_v1.5.docx,485,29,26,"ГОСТ 11214-86 «Окна и балконные двери деревянные с двойным остеклением для жилых и общественных зданий. Типы, конструкция и размеры»",03_НОРМАТИВНО_ТЕХНИЧЕСКИЕ_ДОКУМЕНТЫ\99_ОТМЕНЕННЫЕ_И_ЗАМЕНЕННЫЕ,https://docs.cntd.ru/document/9055783,1Рабочие материалы\03_НОРМАТИВНО_ТЕХНИЧЕСКИЕ_ДОКУМЕНТЫ\99_ОТМЕНЕННЫЕ_И_ЗАМЕНЕННЫЕ
Реестр_документов_Этап_6_Ограждающие_конструкции_v1.5.docx,486,29,27,"ГОСТ 16289-86 «Окна и балконные двери деревянные с тройным остеклением для жилых и общественных зданий. Типы, конструкция и размеры»",03_НОРМАТИВНО_ТЕХНИЧЕСКИЕ_ДОКУМЕНТЫ\99_ОТМЕНЕННЫЕ_И_ЗАМЕНЕННЫЕ,https://docs.cntd.ru/document/9055784,1Рабочие материалы\03_НОРМАТИВНО_ТЕХНИЧЕСКИЕ_ДОКУМЕНТЫ\99_ОТМЕНЕННЫЕ_И_ЗАМЕНЕННЫЕ
Реестр_документов_Этап_6_Ограждающие_конструкции_v1.5.docx,487,29,28,ГОСТ 24699-2002 «Блоки оконные деревянные со стеклами и стеклопакетами. Технические условия»,03_НОРМАТИВНО_ТЕХНИЧЕСКИЕ_ДОКУМЕНТЫ\99_ОТМЕНЕННЫЕ_И_ЗАМЕНЕННЫЕ,https://docs.cntd.ru/document/1200031041,1Рабочие материалы\03_НОРМАТИВНО_ТЕХНИЧЕСКИЕ_ДОКУМЕНТЫ\99_ОТМЕНЕННЫЕ_И_ЗАМЕНЕННЫЕ
Реестр_документов_Этап_6_Ограждающие_конструкции_v1.5.docx,490,29,31,ГОСТ 15588-86 «Плиты пенополистирольные. Технические условия»,03_НОРМАТИВНО_ТЕХНИЧЕСКИЕ_ДОКУМЕНТЫ\99_ОТМЕНЕННЫЕ_И_ЗАМЕНЕННЫЕ,https://docs.cntd.ru/document/901700529,1Рабочие материалы\03_НОРМАТИВНО_ТЕХНИЧЕСКИЕ_ДОКУМЕНТЫ\99_ОТМЕНЕННЫЕ_И_ЗАМЕНЕННЫЕ
Реестр_документов_Этап_6_Ограждающие_конструкции_v1.5.docx,491,29,32,ГОСТ 9573-96 «Плиты из минеральной ваты на синтетическом связующем теплоизоляционные. Технические условия»,03_НОРМАТИВНО_ТЕХНИЧЕСКИЕ_ДОКУМЕНТЫ\99_ОТМЕНЕННЫЕ_И_ЗАМЕНЕННЫЕ,https://docs.cntd.ru/document/1200000313,1Рабочие материалы\03_НОРМАТИВНО_ТЕХНИЧЕСКИЕ_ДОКУМЕНТЫ\99_ОТМЕНЕННЫЕ_И_ЗАМЕНЕННЫЕ
Реестр_документов_Этап_6_Ограждающие_конструкции_v1.5.docx,493,29,34,ГОСТ Р 54852-2011 «Здания и сооружения. Метод тепловизионного контроля качества теплоизоляции ограждающих конструкций»,03_НОРМАТИВНО_ТЕХНИЧЕСКИЕ_ДОКУМЕНТЫ\99_ОТМЕНЕННЫЕ_И_ЗАМЕНЕННЫЕ,https://docs.cntd.ru/document/1200089410,1Рабочие материалы\03_НОРМАТИВНО_ТЕХНИЧЕСКИЕ_ДОКУМЕНТЫ\99_ОТМЕНЕННЫЕ_И_ЗАМЕНЕННЫЕ
Реестр_документов_Этап_6_Ограждающие_конструкции_v1.5.docx,513,29,54,СНиП II-3-79* «Строительная теплотехника»,03_НОРМАТИВНО_ТЕХНИЧЕСКИЕ_ДОКУМЕНТЫ\99_ОТМЕНЕННЫЕ_И_ЗАМЕНЕННЫЕ,https://docs.cntd.ru/document/871001234,1Рабочие материалы\03_НОРМАТИВНО_ТЕХНИЧЕСКИЕ_ДОКУМЕНТЫ\99_ОТМЕНЕННЫЕ_И_ЗАМЕНЕННЫЕ
Реестр_документов_Этап_6_Ограждающие_конструкции_v1.5.docx,514,29,55,СНиП II-3-79* «Строительная теплотехника»,03_НОРМАТИВНО_ТЕХНИЧЕСКИЕ_ДОКУМЕНТЫ\99_ОТМЕНЕННЫЕ_И_ЗАМЕНЕННЫЕ,https://docs.cntd.ru/document/871001234,1Рабочие материалы\03_НОРМАТИВНО_ТЕХНИЧЕСКИЕ_ДОКУМЕНТЫ\99_ОТМЕНЕННЫЕ_И_ЗАМЕНЕННЫЕ
Реестр_документов_Этап_6_Ограждающие_конструкции_v1.5.docx,515,29,56,СНиП II-3-79* «Строительная теплотехника»,03_НОРМАТИВНО_ТЕХНИЧЕСКИЕ_ДОКУМЕНТЫ\99_ОТМЕНЕННЫЕ_И_ЗАМЕНЕННЫЕ,https://docs.cntd.ru/document/871001234,1Рабочие материалы\03_НОРМАТИВНО_ТЕХНИЧЕСКИЕ_ДОКУМЕНТЫ\99_ОТМЕНЕННЫЕ_И_ЗАМЕНЕННЫЕ
Реестр_документов_Этап_6_Ограждающие_конструкции_v1.5.docx,516,29,57,СНиП II-3-79* «Строительная теплотехника»,03_НОРМАТИВНО_ТЕХНИЧЕСКИЕ_ДОКУМЕНТЫ\99_ОТМЕНЕННЫЕ_И_ЗАМЕНЕННЫЕ,https://docs.cntd.ru/document/871001234,1Рабочие материалы\03_НОРМАТИВНО_ТЕХНИЧЕСКИЕ_ДОКУМЕНТЫ\99_ОТМЕНЕННЫЕ_И_ЗАМЕНЕННЫЕ
Реестр_документов_Этап_6_Ограждающие_конструкции_v1.5.docx,517,29,58,СНиП II-3-79* «Строительная теплотехника»,03_НОРМАТИВНО_ТЕХНИЧЕСКИЕ_ДОКУМЕНТЫ\99_ОТМЕНЕННЫЕ_И_ЗАМЕНЕННЫЕ,https://docs.cntd.ru/document/871001234,1Рабочие материалы\03_НОРМАТИВНО_ТЕХНИЧЕСКИЕ_ДОКУМЕНТЫ\99_ОТМЕНЕННЫЕ_И_ЗАМЕНЕННЫЕ
Реестр_документов_Этап_6_Ограждающие_конструкции_v1.5.docx,521,30,3,Банк документов Минстроя России,08_ПРЕДМЕТНЫЕ_МОДУЛИ\06_ОГРАЖДАЮЩИЕ_КОНСТРУКЦИИ\Контрольные_источники,https://minstroyrf.gov.ru/docs/,1Рабочие материалы\08_ПРЕДМЕТНЫЕ_МОДУЛИ\06_ОГРАЖДАЮЩИЕ_КОНСТРУКЦИИ\Контрольные_источники
Реестр_документов_Этап_6_Ограждающие_конструкции_v1.5.docx,524,30,6,Банк документов Роспотребнадзора,08_ПРЕДМЕТНЫЕ_МОДУЛИ\06_ОГРАЖДАЮЩИЕ_КОНСТРУКЦИИ\Контрольные_источники,https://www.rospotrebnadzor.ru/documents/,1Рабочие материалы\08_ПРЕДМЕТНЫЕ_МОДУЛИ\06_ОГРАЖДАЮЩИЕ_КОНСТРУКЦИИ\Контрольные_источники
Реестр_документов_Этап_6_Ограждающие_конструкции_v1.5.docx,525,30,7,ФГИС «Аршин»,08_ПРЕДМЕТНЫЕ_МОДУЛИ\06_ОГРАЖДАЮЩИЕ_КОНСТРУКЦИИ\Контрольные_источники,https://fgis.gost.ru/fundmetrology/cm/results/,1Рабочие материалы\08_ПРЕДМЕТНЫЕ_МОДУЛИ\06_ОГРАЖДАЮЩИЕ_КОНСТРУКЦИИ\Контрольные_источники
Реестр_документов_Этап_6_Ограждающие_конструкции_v1.5.docx,526,30,8,Реестр аккредитованных лиц Росаккредитации,08_ПРЕДМЕТНЫЕ_МОДУЛИ\06_ОГРАЖДАЮЩИЕ_КОНСТРУКЦИИ\Контрольные_источники,https://pub.fsa.gov.ru/ral,1Рабочие материалы\08_ПРЕДМЕТНЫЕ_МОДУЛИ\06_ОГРАЖДАЮЩИЕ_КОНСТРУКЦИИ\Контрольные_источники
Реестр_документов_Этап_7_Кровли_гидроизоляция_и_водоотведение_v1.4.docx,438,30,9,Единый реестр выданных сертификатов и зарегистрированных деклараций ЕАЭС,03_НОРМАТИВНО_ТЕХНИЧЕСКИЕ_ДОКУМЕНТЫ\00_КОНТРОЛЬНЫЕ_ИСТОЧНИКИ,https://pub.fsa.gov.ru/rss/certificate,1Рабочие материалы\03_НОРМАТИВНО_ТЕХНИЧЕСКИЕ_ДОКУМЕНТЫ\00_КОНТРОЛЬНЫЕ_ИСТОЧНИКИ
Реестр_документов_Этап_9_Инженерные_системы_зданий_v1.5.docx,151,18,10,ГОСТ Р 55710-2013 «Освещение рабочих мест внутри зданий. Нормы и методы измерений»,03_НОРМАТИВНО_ТЕХНИЧЕСКИЕ_ДОКУМЕНТЫ\11_ОСВЕЩЕНИЕ,https://www.gost.ru/portal/gost/home/standarts/catalognational?navigationalstate=JBPNS_rO0ABXdKAAZhY3Rpb24AAAABABBjb25jcmV0ZURvY3VtZW50AARmcm9tAAAAAQAFMTU0NjAABmRvY19pZAAAAAEABDc1MjUAB19fRU9GX18%2A&portal%3AcomponentId=3503536e-2ac1-4753-8ed1-09a92fee02de&portal%3AisSecure=false&portal%3AportletMode=view,1Рабочие материалы\03_НОРМАТИВНО_ТЕХНИЧЕСКИЕ_ДОКУМЕНТЫ\11_ОСВЕЩЕНИЕ
Реестр_документов_Этап_9_Инженерные_системы_зданий_v1.5.docx,152,18,11,ГОСТ Р 55842-2013 «Освещение аварийное. Классификация и нормы»,03_НОРМАТИВНО_ТЕХНИЧЕСКИЕ_ДОКУМЕНТЫ\11_ОСВЕЩЕНИЕ,https://www.gost.ru/portal/gost/home/standarts/catalognational?navigationalstate=JBPNS_rO0ABXcaAARmcm9tAAAAAQAFMTU1ODAAB19fRU9GX18%2A&portal%3AcomponentId=3503536e-2ac1-4753-8ed1-09a92fee02de&portal%3AisSecure=false&portal%3AportletMode=view,1Рабочие материалы\03_НОРМАТИВНО_ТЕХНИЧЕСКИЕ_ДОКУМЕНТЫ\11_ОСВЕЩЕНИЕ
Реестр_документов_Этап_9_Инженерные_системы_зданий_v1.5.docx,268,30,2,Реестр аккредитованных лиц Росаккредитации,17_ОШИБКИ_И_ОГРАНИЧЕНИЯ\09_ИНЖЕНЕРНЫЕ_СИСТЕМЫ_ЗДАНИЙ,https://fsa.gov.ru/use-of-technology/elektronnye-reestry/,1Рабочие материалы\17_ОШИБКИ_И_ОГРАНИЧЕНИЯ\09_ИНЖЕНЕРНЫЕ_СИСТЕМЫ_ЗДАНИЙ
Реестр_документов_Этап_9_Инженерные_системы_зданий_v1.5.docx,334,32,3,"ГОСТ Р 59636-2021 «Установки пожаротушения автоматические. Руководство по проектированию, монтажу, техническому обслуживанию и ремонту. Методы испытаний на работоспособность»",04_МЕТОДИКИ_И_РУКОВОДСТВА\09_ИСПЫТАНИЯ_И_ПУСКОНАЛАДКА,https://www.rst.gov.ru/portal/gost/home/standarts/catalognational?navigationalstate=JBPNS_rO0ABXdKAAZhY3Rpb24AAAABABBjb25jcmV0ZURvY3VtZW50AARmcm9tAAAAAQAEMTUwMAAGZG9jX2lkAAAAAQAFNDU0NTYAB19fRU9GX18%2A&portal%3AcomponentId=3503536e-2ac1-4753-8ed1-09a92fee02de&portal%3AisSecure=false&portal%3AportletMode=view,1Рабочие материалы\04_МЕТОДИКИ_И_РУКОВОДСТВА\09_ИСПЫТАНИЯ_И_ПУСКОНАЛАДКА
Реестр_документов_Этап_9_Инженерные_системы_зданий_v1.5.docx,340,32,9,ГОСТ Р МЭК 62305-1-2010 «Менеджмент риска. Защита от молнии. Часть 1. Общие принципы»,03_НОРМАТИВНО_ТЕХНИЧЕСКИЕ_ДОКУМЕНТЫ\12_ЗАЗЕМЛЕНИЕ_И_МОЛНИЕЗАЩИТА,https://www.rst.gov.ru/portal/gost/home/standarts/catalognational?navigationalstate=JBPNS_rO0ABXdIAAZhY3Rpb24AAAABABBjb25jcmV0ZURvY3VtZW50AARmcm9tAAAAAQAEMTI4MAAGZG9jX2lkAAAAAQADMzgwAAdfX0VPRl9f&portal%3AcomponentId=3503536e-2ac1-4753-8ed1-09a92fee02de&portal%3AisSecure=false&portal%3AportletMode=view,1Рабочие материалы\03_НОРМАТИВНО_ТЕХНИЧЕСКИЕ_ДОКУМЕНТЫ\12_ЗАЗЕМЛЕНИЕ_И_МОЛНИЕЗАЩИТА
